month_year_order,loans_in_arrears_debt,total_loans_amount,default_ratio
2022-01,276.78,391.70000000000005,70.66
2022-02,41.9,476.84,8.79
2022-03,407.37,1033.71,39.41
2022-04,0.0,86.99,0.0
2022-05,218.04999999999998,524.95,41.54
2022-06,304.83,689.76,44.19
2022-07,340.84999999999997,1140.64,29.88
2022-08,34.33,502.56,6.83
2022-09,64.71,373.9,17.31
2022-10,19.03,374.24,5.08
2022-11,2.56,444.73,0.58
2022-12,50.63,607.35,8.34